efsearch,recall_at_k,qps
8,0.948500,2950.89
16,0.980700,2580.07
32,0.994100,2237.71
64,0.998200,1162.32
128,0.999800,960.07
256,1.000000,661.25
