efsearch,recall_at_k,qps
8,0.950900,2078.43
16,0.981600,2861.70
32,0.995400,2682.19
64,0.998200,1873.11
128,0.999800,913.20
256,1.000000,732.54
