efsearch,recall_at_k,qps
8,0.856000,4794.34
16,0.919800,1973.42
32,0.980000,6224.95
64,0.996400,2399.01
128,0.999600,3101.18
256,1.000000,2062.90
